{
    "L1D": {
        "READ": 0.00266526,
        "WRITE": 0.00182752,
        "TAG": 0.00182752
    },
    "L2C": {
        "READ": 0.0241684,
        "WRITE": 0.0273856,
        "TAG": 0.000448345
    },
    "LLC": {
        "READ": 0.093224,
        "WRITE": 0.0971337,
        "TAG": 0.000524702
    },
    "DRAM": 65
}
